{"class_9": 0.005, "class_11": 0.68, "class_14": 0.005, "class_2": 0.335, "class_5": 0.595, "class_21": 0.47000000000000003, "class_18": 0.45, "class_1": 0.005, "class_23": 0.42, "class_19": 0.595, "class_31": 0.43, "class_36": 0.62, "class_3": 0.5750000000000001, "class_6": 0.35000000000000003, "class_35": 0.68, "class_24": 0.485, "class_15": 0.67, "class_22": 0.43, "class_27": 0.46, "class_34": 0.5, "class_13": 0.53, "class_4": 0.525, "class_0": 0.28, "class_26": 0.42, "class_30": 0.005, "class_28": 0.49, "class_8": 0.47000000000000003, "class_32": 0.625, "class_12": 0.5, "class_29": 0.505, "class_25": 0.495, "class_7": 0.61, "class_10": 0.515, "class_33": 0.485, "class_16": 0.495, "class_20": 0.605, "class_17": 0.47500000000000003, "class_37": 0.305}